id,name,address,email,phone
1,"Vassili Philipeau","9 Heath Alley",vphilipeau0@biblegateway.com,"+86 374 322 8373"
2,"Rica Wardrope","47 Summerview Hill",rwardrope1@google.com.hk,"+7 711 263 4415"
3,"Edeline Mailey","882 Waxwing Pass",emailey2@nydailynews.com,"+63 702 100 6918"
4,"Ahmad Bilbery","9951 Victoria Avenue",abilbery3@1688.com,"+86 530 792 5635"
5,"Kaia Blowen","14857 Paget Parkway",kblowen4@jiathis.com,"+54 532 339 9496"
6,"Debra Mafham","53 Leroy Court",dmafham5@spiegel.de,"+55 872 853 7685"
7,"Sarine Ast","5 Becker Avenue",sast6@msn.com,"+62 173 329 5970"
8,"Sebastiano Buckenhill","572 Rigney Road",sbuckenhill7@usda.gov,"+48 284 495 8674"
9,"Konstance Drinkeld","586 Huxley Crossing",kdrinkeld8@biblegateway.com,"+62 413 393 1262"
10,"Stanley Tunmore","25 Dennis Crossing",stunmore9@cisco.com,"+33 981 977 2095"
11,"Webb Ben-Aharon","7185 Crownhardt Center",wbenaharona@si.edu,"+48 674 704 3169"
12,"Lanie Ealles","14442 Hansons Point",leallesb@naver.com,"+7 472 348 8664"
13,"Di Pales","2549 West Plaza",dpalesc@facebook.com,"+86 851 632 5134"
14,"Joyous Wickersham","340 Crowley Plaza",jwickershamd@cargocollective.com,"+375 480 613 3244"
15,"Tucky Whistlecraft","927 Riverside Circle",twhistlecrafte@virginia.edu,"+1 180 322 2443"
16,"Aldric Arrault","9004 Meadow Ridge Road",aarraultf@cbsnews.com,"+63 619 835 1118"
17,"Valaria Dionisii","09302 Dapin Alley",vdionisiig@examiner.com,"+86 505 793 2581"
18,"Ingrim Millom","12 Fallview Court",imillomh@businessweek.com,"+86 590 359 2222"
19,"Cleve Pettyfar","66688 Wayridge Lane",cpettyfari@delicious.com,"+1 332 169 3515"
20,"Timmy Abbots","3 Crest Line Street",tabbotsj@e-recht24.de,"+1 266 431 5057"
